Date,1y_Tsy
1/3/2005,2.79
1/4/2005,2.82
1/5/2005,2.83
1/6/2005,2.82
1/7/2005,2.82
1/10/2005,2.86
1/11/2005,2.86
1/12/2005,2.84
1/13/2005,2.84
1/14/2005,2.87
1/18/2005,2.9
1/19/2005,2.88
1/20/2005,2.85
1/21/2005,2.83
1/24/2005,2.86
1/25/2005,2.88
1/26/2005,2.9
1/27/2005,2.91
1/28/2005,2.89
1/31/2005,2.96
2/1/2005,2.95
2/2/2005,2.95
2/3/2005,2.96
2/4/2005,2.93
2/7/2005,2.96
2/8/2005,2.97
2/9/2005,2.93
2/10/2005,2.96
2/11/2005,3
2/14/2005,3.03
2/15/2005,3.03
2/16/2005,3.05
2/17/2005,3.03
2/18/2005,3.09
2/22/2005,3.12
2/23/2005,3.12
2/24/2005,3.13
2/25/2005,3.15
2/28/2005,3.2
3/1/2005,3.2
3/2/2005,3.19
3/3/2005,3.19
3/4/2005,3.2
3/7/2005,3.22
3/8/2005,3.23
3/9/2005,3.24
3/10/2005,3.25
3/11/2005,3.28
3/14/2005,3.32
3/15/2005,3.32
3/16/2005,3.3
3/17/2005,3.29
3/18/2005,3.32
3/21/2005,3.33
3/22/2005,3.4
3/23/2005,3.38
3/24/2005,3.41
3/28/2005,3.43
3/29/2005,3.41
3/30/2005,3.39
3/31/2005,3.35
4/1/2005,3.34
4/4/2005,3.34
4/5/2005,3.34
4/6/2005,3.31
4/7/2005,3.32
4/8/2005,3.35
4/11/2005,3.37
4/12/2005,3.34
4/13/2005,3.32
4/14/2005,3.3
4/15/2005,3.26
4/18/2005,3.29
4/19/2005,3.26
4/20/2005,3.25
4/21/2005,3.31
4/22/2005,3.3
4/25/2005,3.34
4/26/2005,3.35
4/27/2005,3.33
4/28/2005,3.3
4/29/2005,3.33
5/2/2005,3.34
5/3/2005,3.35
5/4/2005,3.32
5/5/2005,3.29
5/6/2005,3.37
5/9/2005,3.4
5/10/2005,3.37
5/11/2005,3.35
5/12/2005,3.34
5/13/2005,3.29
5/16/2005,3.33
5/17/2005,3.32
5/18/2005,3.29
5/19/2005,3.31
5/20/2005,3.35
5/23/2005,3.35
5/24/2005,3.32
5/25/2005,3.32
5/26/2005,3.31
5/27/2005,3.31
5/31/2005,3.32
6/1/2005,3.25
6/2/2005,3.26
6/3/2005,3.28
6/6/2005,3.3
6/7/2005,3.28
6/8/2005,3.3
6/9/2005,3.31
6/10/2005,3.33
6/13/2005,3.38
6/14/2005,3.39
6/15/2005,3.39
6/16/2005,3.38
6/17/2005,3.39
6/20/2005,3.42
6/21/2005,3.42
6/22/2005,3.37
6/23/2005,3.39
6/24/2005,3.38
6/27/2005,3.42
6/28/2005,3.46
6/29/2005,3.44
6/30/2005,3.45
7/1/2005,3.51
7/5/2005,3.55
7/6/2005,3.53
7/7/2005,3.48
7/8/2005,3.52
7/11/2005,3.58
7/12/2005,3.59
7/13/2005,3.59
7/14/2005,3.6
7/15/2005,3.61
7/18/2005,3.66
7/19/2005,3.65
7/20/2005,3.66
7/21/2005,3.72
7/22/2005,3.72
7/25/2005,3.77
7/26/2005,3.76
7/27/2005,3.77
7/28/2005,3.75
7/29/2005,3.8
8/1/2005,3.83
8/2/2005,3.84
8/3/2005,3.82
8/4/2005,3.83
8/5/2005,3.87
8/8/2005,3.93
8/9/2005,3.9
8/10/2005,3.9
8/11/2005,3.89
8/12/2005,3.88
8/15/2005,3.91
8/16/2005,3.88
8/17/2005,3.89
8/18/2005,3.86
8/19/2005,3.89
8/22/2005,3.89
8/23/2005,3.88
8/24/2005,3.87
8/25/2005,3.87
8/26/2005,3.9
8/29/2005,3.91
8/30/2005,3.85
8/31/2005,3.77
9/1/2005,3.66
9/2/2005,3.67
9/6/2005,3.73
9/7/2005,3.77
9/8/2005,3.77
9/9/2005,3.78
9/12/2005,3.83
9/13/2005,3.81
9/14/2005,3.81
9/15/2005,3.81
9/16/2005,3.86
9/19/2005,3.87
9/20/2005,3.92
9/21/2005,3.88
9/22/2005,3.86
9/23/2005,3.89
9/26/2005,3.95
9/27/2005,3.95
9/28/2005,3.95
9/29/2005,3.97
9/30/2005,4.01
10/3/2005,4.09
10/4/2005,4.09
10/5/2005,4.07
10/6/2005,4.07
10/7/2005,4.06
10/10/2005,4.06
10/11/2005,4.14
10/12/2005,4.14
10/13/2005,4.14
10/14/2005,4.15
10/17/2005,4.21
10/18/2005,4.19
10/19/2005,4.18
10/20/2005,4.2
10/21/2005,4.18
10/24/2005,4.22
10/25/2005,4.26
10/26/2005,4.27
10/27/2005,4.26
10/28/2005,4.28
10/31/2005,4.31
11/1/2005,4.31
11/2/2005,4.31
11/3/2005,4.33
11/4/2005,4.34
11/7/2005,4.36
11/8/2005,4.34
11/9/2005,4.37
11/10/2005,4.34
11/11/2005,4.34
11/14/2005,4.4
11/15/2005,4.38
11/16/2005,4.34
11/17/2005,4.32
11/18/2005,4.34
11/21/2005,4.33
11/22/2005,4.26
11/23/2005,4.31
11/25/2005,4.29
11/28/2005,4.32
11/29/2005,4.35
11/30/2005,4.34
12/1/2005,4.36
12/2/2005,4.35
12/5/2005,4.39
12/6/2005,4.36
12/7/2005,4.35
12/8/2005,4.3
12/9/2005,4.33
12/12/2005,4.38
12/13/2005,4.37
12/14/2005,4.32
12/15/2005,4.33
12/16/2005,4.32
12/19/2005,4.38
12/20/2005,4.39
12/21/2005,4.38
12/22/2005,4.35
12/23/2005,4.33
12/27/2005,4.35
12/28/2005,4.34
12/29/2005,4.35
12/30/2005,4.38
1/3/2006,4.38
1/4/2006,4.35
1/5/2006,4.36
1/6/2006,4.38
1/9/2006,4.39
1/10/2006,4.42
1/11/2006,4.44
1/12/2006,4.42
1/13/2006,4.4
1/17/2006,4.42
1/18/2006,4.42
1/19/2006,4.43
1/20/2006,4.44
1/23/2006,4.45
1/24/2006,4.46
1/25/2006,4.51
1/26/2006,4.52
1/27/2006,4.54
1/30/2006,4.59
1/31/2006,4.58
2/1/2006,4.6
2/2/2006,4.61
2/3/2006,4.62
2/6/2006,4.66
2/7/2006,4.65
2/8/2006,4.66
2/9/2006,4.66
2/10/2006,4.7
2/13/2006,4.7
2/14/2006,4.71
2/15/2006,4.7
2/16/2006,4.69
2/17/2006,4.68
2/21/2006,4.73
2/22/2006,4.69
2/23/2006,4.73
2/24/2006,4.73
2/27/2006,4.76
2/28/2006,4.73
3/1/2006,4.74
3/2/2006,4.74
3/3/2006,4.75
3/6/2006,4.77
3/7/2006,4.77
3/8/2006,4.76
3/9/2006,4.76
3/10/2006,4.77
3/13/2006,4.8
3/14/2006,4.75
3/15/2006,4.77
3/16/2006,4.72
3/17/2006,4.74
3/20/2006,4.74
3/21/2006,4.79
3/22/2006,4.78
3/23/2006,4.8
3/24/2006,4.76
3/27/2006,4.77
3/28/2006,4.82
3/29/2006,4.83
3/30/2006,4.84
3/31/2006,4.82
4/3/2006,4.86
4/4/2006,4.85
4/5/2006,4.82
4/6/2006,4.85
4/7/2006,4.86
4/10/2006,4.89
4/11/2006,4.88
4/12/2006,4.91
4/13/2006,4.95
4/17/2006,4.93
4/18/2006,4.88
4/19/2006,4.89
4/20/2006,4.9
4/21/2006,4.9
4/24/2006,4.92
4/25/2006,4.95
4/26/2006,4.98
4/27/2006,4.93
4/28/2006,4.9
5/1/2006,4.97
5/2/2006,4.96
5/3/2006,4.98
5/4/2006,5
5/5/2006,4.98
5/8/2006,5.01
5/9/2006,5.01
5/10/2006,5.02
5/11/2006,4.99
5/12/2006,5
5/15/2006,5.01
5/16/2006,4.98
5/17/2006,4.99
5/18/2006,4.96
5/19/2006,4.98
5/22/2006,4.99
5/23/2006,5
5/24/2006,4.97
5/25/2006,5
5/26/2006,5
5/30/2006,5.02
5/31/2006,5.07
6/1/2006,5.05
6/2/2006,4.98
6/5/2006,5.02
6/6/2006,5.03
6/7/2006,5.05
6/8/2006,5.04
6/9/2006,5.05
6/12/2006,5.09
6/13/2006,5.09
6/14/2006,5.15
6/15/2006,5.15
6/16/2006,5.18
6/19/2006,5.23
6/20/2006,5.23
6/21/2006,5.22
6/22/2006,5.24
6/23/2006,5.27
6/26/2006,5.3
6/27/2006,5.28
6/28/2006,5.3
6/29/2006,5.25
6/30/2006,5.21
7/3/2006,5.26
7/5/2006,5.29
7/6/2006,5.28
7/7/2006,5.25
7/10/2006,5.27
7/11/2006,5.26
7/12/2006,5.26
7/13/2006,5.22
7/14/2006,5.2
7/17/2006,5.24
7/18/2006,5.28
7/19/2006,5.22
7/20/2006,5.18
7/21/2006,5.19
7/24/2006,5.21
7/25/2006,5.21
7/26/2006,5.16
7/27/2006,5.16
7/28/2006,5.1
7/31/2006,5.11
8/1/2006,5.11
8/2/2006,5.11
8/3/2006,5.12
8/4/2006,5.07
8/7/2006,5.12
8/8/2006,5.08
8/9/2006,5.07
8/10/2006,5.08
8/11/2006,5.12
8/14/2006,5.17
8/15/2006,5.11
8/16/2006,5.06
8/17/2006,5.08
8/18/2006,5.08
8/21/2006,5.07
8/22/2006,5.07
8/23/2006,5.07
8/24/2006,5.07
8/25/2006,5.06
8/28/2006,5.08
8/29/2006,5.06
8/30/2006,5.03
8/31/2006,5.01
9/1/2006,4.99
9/5/2006,5.02
9/6/2006,5.02
9/7/2006,5.02
9/8/2006,5
9/11/2006,5.03
9/12/2006,5.02
9/13/2006,4.99
9/14/2006,5.02
9/15/2006,5.03
9/18/2006,5.04
9/19/2006,4.99
9/20/2006,5
9/21/2006,4.93
9/22/2006,4.9
9/25/2006,4.88
9/26/2006,4.91
9/27/2006,4.89
9/28/2006,4.9
9/29/2006,4.91
10/2/2006,4.9
10/3/2006,4.9
10/4/2006,4.87
10/5/2006,4.9
10/6/2006,4.94
10/9/2006,4.94
10/10/2006,5
10/11/2006,5.02
10/12/2006,5.03
10/13/2006,5.05
10/16/2006,5.05
10/17/2006,5.04
10/18/2006,5.04
10/19/2006,5.05
10/20/2006,5.05
10/23/2006,5.09
10/24/2006,5.1
10/25/2006,5.08
10/26/2006,5.06
10/27/2006,5.02
10/30/2006,5.03
10/31/2006,4.99
11/1/2006,4.95
11/2/2006,4.97
11/3/2006,5.06
11/6/2006,5.06
11/7/2006,5.03
11/8/2006,5.02
11/9/2006,5.02
11/10/2006,5.01
11/13/2006,5.03
11/14/2006,5.01
11/15/2006,5.04
11/16/2006,5.06
11/17/2006,5.02
11/20/2006,5.02
11/21/2006,5.02
11/22/2006,5.01
11/24/2006,5
11/27/2006,5
11/28/2006,4.98
11/29/2006,4.98
11/30/2006,4.94
12/1/2006,4.87
12/4/2006,4.87
12/5/2006,4.86
12/6/2006,4.9
12/7/2006,4.9
12/8/2006,4.95
12/11/2006,4.94
12/12/2006,4.91
12/13/2006,4.95
12/14/2006,4.97
12/15/2006,4.96
12/18/2006,4.97
12/19/2006,4.96
12/20/2006,4.96
12/21/2006,4.93
12/22/2006,4.96
12/26/2006,4.97
12/27/2006,4.99
12/28/2006,5.01
12/29/2006,5
1/3/2007,4.98
1/4/2007,4.95
1/5/2007,4.98
1/8/2007,5.01
1/9/2007,5.02
1/10/2007,5.02
1/11/2007,5.05
1/12/2007,5.06
1/16/2007,5.06
1/17/2007,5.08
1/18/2007,5.07
1/19/2007,5.09
1/22/2007,5.09
1/23/2007,5.1
1/24/2007,5.09
1/25/2007,5.11
1/26/2007,5.12
1/29/2007,5.12
1/30/2007,5.11
1/31/2007,5.09
2/1/2007,5.09
2/2/2007,5.08
2/5/2007,5.08
2/6/2007,5.07
2/7/2007,5.06
2/8/2007,5.06
2/9/2007,5.08
2/12/2007,5.1
2/13/2007,5.1
2/14/2007,5.06
2/15/2007,5.04
2/16/2007,5.05
2/20/2007,5.04
2/21/2007,5.05
2/22/2007,5.07
2/23/2007,5.05
2/26/2007,5.05
2/27/2007,4.93
2/28/2007,4.96
3/1/2007,4.95
3/2/2007,4.9
3/5/2007,4.89
3/6/2007,4.92
3/7/2007,4.9
3/8/2007,4.91
3/9/2007,4.98
3/12/2007,4.96
3/13/2007,4.9
3/14/2007,4.91
3/15/2007,4.93
3/16/2007,4.95
3/19/2007,4.96
3/20/2007,4.94
3/21/2007,4.89
3/22/2007,4.91
3/23/2007,4.93
3/26/2007,4.91
3/27/2007,4.91
3/28/2007,4.9
3/29/2007,4.9
3/30/2007,4.9
4/2/2007,4.92
4/3/2007,4.93
4/4/2007,4.92
4/5/2007,4.93
4/9/2007,4.98
4/10/2007,4.97
4/11/2007,4.97
4/12/2007,4.97
4/13/2007,4.98
4/16/2007,4.97
4/17/2007,4.93
4/18/2007,4.91
4/19/2007,4.91
4/20/2007,4.91
4/23/2007,4.9
4/24/2007,4.88
4/25/2007,4.9
4/26/2007,4.92
4/27/2007,4.91
4/30/2007,4.89
5/1/2007,4.89
5/2/2007,4.9
5/3/2007,4.93
5/4/2007,4.91
5/7/2007,4.92
5/8/2007,4.91
5/9/2007,4.9
5/10/2007,4.86
5/11/2007,4.85
5/14/2007,4.87
5/15/2007,4.85
5/16/2007,4.82
5/17/2007,4.86
5/18/2007,4.92
5/21/2007,4.95
5/22/2007,4.96
5/23/2007,4.96
5/24/2007,4.94
5/25/2007,4.93
5/29/2007,4.96
5/30/2007,4.96
5/31/2007,4.95
6/1/2007,4.98
6/4/2007,4.99
6/5/2007,4.99
6/6/2007,4.96
6/7/2007,4.99
6/8/2007,4.96
6/11/2007,4.98
6/12/2007,5.01
6/13/2007,4.98
6/14/2007,4.98
6/15/2007,4.93
6/18/2007,4.95
6/19/2007,4.92
6/20/2007,4.97
6/21/2007,4.96
6/22/2007,4.94
6/25/2007,4.96
6/26/2007,4.97
6/27/2007,4.93
6/28/2007,4.95
6/29/2007,4.91
7/2/2007,4.97
7/3/2007,4.98
7/5/2007,5.02
7/6/2007,5
7/9/2007,5.03
7/10/2007,4.97
7/11/2007,4.99
7/12/2007,5.02
7/13/2007,5.01
7/16/2007,5.01
7/17/2007,5.02
7/18/2007,4.98
7/19/2007,5
7/20/2007,4.96
7/23/2007,5
7/24/2007,4.97
7/25/2007,4.95
7/26/2007,4.83
7/27/2007,4.82
7/30/2007,4.87
7/31/2007,4.85
8/1/2007,4.82
8/2/2007,4.83
8/3/2007,4.76
8/6/2007,4.76
8/7/2007,4.84
8/8/2007,4.89
8/9/2007,4.74
8/10/2007,4.69
8/13/2007,4.75
8/14/2007,4.67
8/15/2007,4.41
8/16/2007,4.18
8/17/2007,4.19
8/20/2007,4.15
8/21/2007,4.07
8/22/2007,4.1
8/23/2007,4.19
8/24/2007,4.31
8/27/2007,4.55
8/28/2007,4.36
8/29/2007,4.24
8/30/2007,4.17
8/31/2007,4.19
9/4/2007,4.39
9/5/2007,4.28
9/6/2007,4.3
9/7/2007,4.1
9/10/2007,4.09
9/11/2007,4.16
9/12/2007,4.12
9/13/2007,4.2
9/14/2007,4.16
9/17/2007,4.23
9/18/2007,4.08
9/19/2007,4.06
9/20/2007,4.1
9/21/2007,4.09
9/24/2007,4.09
9/25/2007,4.04
9/26/2007,4.03
9/27/2007,4.03
9/28/2007,4.05
10/1/2007,4.11
10/2/2007,4.1
10/3/2007,4.11
10/4/2007,4.1
10/5/2007,4.16
10/8/2007,4.16
10/9/2007,4.23
10/10/2007,4.23
10/11/2007,4.22
10/12/2007,4.28
10/15/2007,4.33
10/16/2007,4.26
10/17/2007,4.11
10/18/2007,4.03
10/19/2007,3.98
10/22/2007,4.05
10/23/2007,4.01
10/24/2007,3.91
10/25/2007,3.93
10/26/2007,3.96
10/29/2007,4
10/30/2007,3.98
10/31/2007,4.04
11/1/2007,3.89
11/2/2007,3.74
11/5/2007,3.86
11/6/2007,3.83
11/7/2007,3.71
11/8/2007,3.61
11/9/2007,3.57
11/12/2007,3.57
11/13/2007,3.68
11/14/2007,3.65
11/15/2007,3.49
11/16/2007,3.49
11/19/2007,3.43
11/20/2007,3.32
11/21/2007,3.18
11/23/2007,3.28
11/26/2007,3.2
11/27/2007,3.26
11/28/2007,3.31
11/29/2007,3.22
11/30/2007,3.26
12/3/2007,3.15
12/4/2007,3.11
12/5/2007,3.13
12/6/2007,3.2
12/7/2007,3.24
12/10/2007,3.26
12/11/2007,3.09
12/12/2007,3.16
12/13/2007,3.22
12/14/2007,3.28
12/17/2007,3.34
12/18/2007,3.31
12/19/2007,3.26
12/20/2007,3.2
12/21/2007,3.31
12/24/2007,3.46
12/26/2007,3.49
12/27/2007,3.37
12/28/2007,3.34
12/31/2007,3.34
1/2/2008,3.17
1/3/2008,3.13
1/4/2008,3.06
1/7/2008,3.11
1/8/2008,3.09
1/9/2008,3.04
1/10/2008,3.04
1/11/2008,2.91
1/14/2008,2.9
1/15/2008,2.87
1/16/2008,2.86
1/17/2008,2.81
1/18/2008,2.69
1/22/2008,2.29
1/23/2008,2.19
1/24/2008,2.4
1/25/2008,2.34
1/28/2008,2.3
1/29/2008,2.33
1/30/2008,2.3
1/31/2008,2.11
2/1/2008,2.13
2/4/2008,2.17
2/5/2008,2.06
2/6/2008,2.05
2/7/2008,2.08
2/8/2008,2.05
2/11/2008,2.06
2/12/2008,2.06
2/13/2008,2.03
2/14/2008,2.05
2/15/2008,2.02
2/19/2008,2.11
2/20/2008,2.16
2/21/2008,2.05
2/22/2008,2.08
2/25/2008,2.13
2/26/2008,2.07
2/27/2008,2.02
2/28/2008,1.92
2/29/2008,1.77
3/3/2008,1.74
3/4/2008,1.72
3/5/2008,1.72
3/6/2008,1.59
3/7/2008,1.55
3/10/2008,1.46
3/11/2008,1.67
3/12/2008,1.58
3/13/2008,1.54
3/14/2008,1.37
3/17/2008,1.32
3/18/2008,1.4
3/19/2008,1.33
3/20/2008,1.33
3/24/2008,1.68
3/25/2008,1.64
3/26/2008,1.56
3/27/2008,1.57
3/28/2008,1.56
3/31/2008,1.55
4/1/2008,1.62
4/2/2008,1.67
4/3/2008,1.68
4/4/2008,1.63
4/7/2008,1.72
4/8/2008,1.68
4/9/2008,1.6
4/10/2008,1.61
4/11/2008,1.52
4/14/2008,1.53
4/15/2008,1.56
4/16/2008,1.65
4/17/2008,1.77
4/18/2008,1.85
4/21/2008,1.86
4/22/2008,1.84
4/23/2008,1.83
4/24/2008,1.91
4/25/2008,1.97
4/28/2008,1.95
4/29/2008,1.94
4/30/2008,1.85
5/1/2008,1.94
5/2/2008,1.97
5/5/2008,1.98
5/6/2008,1.96
5/7/2008,1.94
5/8/2008,1.91
5/9/2008,1.91
5/12/2008,2.01
5/13/2008,2.08
5/14/2008,2.11
5/15/2008,2.08
5/16/2008,2.09
5/19/2008,2.07
5/20/2008,2.05
5/21/2008,2.07
5/22/2008,2.15
5/23/2008,2.11
5/27/2008,2.15
5/28/2008,2.21
5/29/2008,2.16
5/30/2008,2.22
6/2/2008,2.17
6/3/2008,2.14
6/4/2008,2.14
6/5/2008,2.15
6/6/2008,2.12
6/9/2008,2.29
6/10/2008,2.53
6/11/2008,2.47
6/12/2008,2.62
6/13/2008,2.64
6/16/2008,2.68
6/17/2008,2.58
6/18/2008,2.53
6/19/2008,2.58
6/20/2008,2.49
6/23/2008,2.57
6/24/2008,2.53
6/25/2008,2.48
6/26/2008,2.39
6/27/2008,2.35
6/30/2008,2.36
7/1/2008,2.38
7/2/2008,2.35
7/3/2008,2.3
7/7/2008,2.26
7/8/2008,2.26
7/9/2008,2.21
7/10/2008,2.2
7/11/2008,2.3
7/14/2008,2.23
7/15/2008,2.15
7/16/2008,2.16
7/17/2008,2.26
7/18/2008,2.26
7/21/2008,2.3
7/22/2008,2.33
7/23/2008,2.4
7/24/2008,2.26
7/25/2008,2.35
7/28/2008,2.28
7/29/2008,2.36
7/30/2008,2.33
7/31/2008,2.27
8/1/2008,2.25
8/4/2008,2.27
8/5/2008,2.26
8/6/2008,2.26
8/7/2008,2.17
8/8/2008,2.19
8/11/2008,2.27
8/12/2008,2.18
8/13/2008,2.19
8/14/2008,2.14
8/15/2008,2.12
8/18/2008,2.15
8/19/2008,2.11
8/20/2008,2.06
8/21/2008,2.1
8/22/2008,2.17
8/25/2008,2.12
8/26/2008,2.19
8/27/2008,2.16
8/28/2008,2.19
8/29/2008,2.17
9/2/2008,2.12
9/3/2008,2.08
9/4/2008,2.04
9/5/2008,2.07
9/8/2008,2.12
9/9/2008,2.06
9/10/2008,2.06
9/11/2008,2.01
9/12/2008,2.02
9/15/2008,1.66
9/16/2008,1.72
9/17/2008,1.5
9/18/2008,1.53
9/19/2008,2.05
9/22/2008,2.06
9/23/2008,2.01
9/24/2008,1.9
9/25/2008,1.97
9/26/2008,1.81
9/29/2008,1.6
9/30/2008,1.78
10/1/2008,1.72
10/2/2008,1.45
10/3/2008,1.41
10/6/2008,1.23
10/7/2008,1.27
10/8/2008,1.28
10/9/2008,1.33
10/10/2008,1.08
10/13/2008,1.08
10/14/2008,1.22
10/15/2008,1.14
10/16/2008,1.29
10/17/2008,1.34
10/20/2008,1.69
10/21/2008,1.74
10/22/2008,1.64
10/23/2008,1.61
10/24/2008,1.6
10/27/2008,1.57
10/28/2008,1.53
10/29/2008,1.41
10/30/2008,1.36
10/31/2008,1.34
11/3/2008,1.31
11/4/2008,1.28
11/5/2008,1.22
11/6/2008,1.17
11/7/2008,1.2
11/10/2008,1.16
11/11/2008,1.16
11/12/2008,1.03
11/13/2008,1.16
11/14/2008,1.14
11/17/2008,1.08
11/18/2008,1.05
11/19/2008,0.97
11/20/2008,0.87
11/21/2008,0.83
11/24/2008,0.95
11/25/2008,0.95
11/26/2008,0.93
11/28/2008,0.9
12/1/2008,0.81
12/2/2008,0.77
12/3/2008,0.7
12/4/2008,0.61
12/5/2008,0.54
12/8/2008,0.53
12/9/2008,0.49
12/10/2008,0.49
12/11/2008,0.51
12/12/2008,0.5
12/15/2008,0.5
12/16/2008,0.45
12/17/2008,0.45
12/18/2008,0.43
12/19/2008,0.44
12/22/2008,0.4
12/23/2008,0.41
12/24/2008,0.4
12/26/2008,0.38
12/29/2008,0.36
12/30/2008,0.34
12/31/2008,0.37
1/2/2009,0.4
1/5/2009,0.43
1/6/2009,0.45
1/7/2009,0.44
1/8/2009,0.44
1/9/2009,0.43
1/12/2009,0.43
1/13/2009,0.43
1/14/2009,0.42
1/15/2009,0.42
1/16/2009,0.43
1/20/2009,0.42
1/21/2009,0.43
1/22/2009,0.42
1/23/2009,0.46
1/26/2009,0.47
1/27/2009,0.47
1/28/2009,0.48
1/29/2009,0.51
1/30/2009,0.51
2/2/2009,0.51
2/3/2009,0.53
2/4/2009,0.53
2/5/2009,0.54
2/6/2009,0.57
2/9/2009,0.6
2/10/2009,0.6
2/11/2009,0.6
2/12/2009,0.58
2/13/2009,0.61
2/17/2009,0.61
2/18/2009,0.64
2/19/2009,0.67
2/20/2009,0.64
2/23/2009,0.69
2/24/2009,0.71
2/25/2009,0.75
2/26/2009,0.73
2/27/2009,0.72
3/2/2009,0.67
3/3/2009,0.68
3/4/2009,0.71
3/5/2009,0.66
3/6/2009,0.67
3/9/2009,0.69
3/10/2009,0.71
3/11/2009,0.71
3/12/2009,0.7
3/13/2009,0.67
3/16/2009,0.69
3/17/2009,0.69
3/18/2009,0.6
3/19/2009,0.6
3/20/2009,0.6
3/23/2009,0.6
3/24/2009,0.62
3/25/2009,0.6
3/26/2009,0.57
3/27/2009,0.58
3/30/2009,0.58
3/31/2009,0.57
4/1/2009,0.58
4/2/2009,0.59
4/3/2009,0.6
4/6/2009,0.6
4/7/2009,0.6
4/8/2009,0.59
4/9/2009,0.6
4/13/2009,0.57
4/14/2009,0.54
4/15/2009,0.54
4/16/2009,0.54
4/17/2009,0.57
4/20/2009,0.54
4/21/2009,0.53
4/22/2009,0.52
4/23/2009,0.49
4/24/2009,0.5
4/27/2009,0.49
4/28/2009,0.52
4/29/2009,0.5
4/30/2009,0.49
5/1/2009,0.49
5/4/2009,0.52
5/5/2009,0.53
5/6/2009,0.51
5/7/2009,0.54
5/8/2009,0.55
5/11/2009,0.53
5/12/2009,0.54
5/13/2009,0.52
5/14/2009,0.5
5/15/2009,0.5
5/18/2009,0.5
5/19/2009,0.48
5/20/2009,0.44
5/21/2009,0.45
5/22/2009,0.49
5/26/2009,0.5
5/27/2009,0.49
5/28/2009,0.48
5/29/2009,0.47
6/1/2009,0.48
6/2/2009,0.46
6/3/2009,0.45
6/4/2009,0.47
6/5/2009,0.62
6/8/2009,0.62
6/9/2009,0.56
6/10/2009,0.55
6/11/2009,0.53
6/12/2009,0.52
6/15/2009,0.51
6/16/2009,0.51
6/17/2009,0.5
6/18/2009,0.52
6/19/2009,0.51
6/22/2009,0.5
6/23/2009,0.5
6/24/2009,0.5
6/25/2009,0.47
6/26/2009,0.45
6/29/2009,0.51
6/30/2009,0.56
7/1/2009,0.54
7/2/2009,0.49
7/6/2009,0.48
7/7/2009,0.46
7/8/2009,0.45
7/9/2009,0.47
7/10/2009,0.45
7/13/2009,0.47
7/14/2009,0.47
7/15/2009,0.5
7/16/2009,0.47
7/17/2009,0.48
7/20/2009,0.47
7/21/2009,0.46
7/22/2009,0.47
7/23/2009,0.49
7/24/2009,0.47
7/27/2009,0.49
7/28/2009,0.49
7/29/2009,0.5
7/30/2009,0.48
7/31/2009,0.48
8/3/2009,0.48
8/4/2009,0.47
8/5/2009,0.49
8/6/2009,0.48
8/7/2009,0.52
8/10/2009,0.49
8/11/2009,0.48
8/12/2009,0.47
8/13/2009,0.45
8/14/2009,0.44
8/17/2009,0.45
8/18/2009,0.43
8/19/2009,0.43
8/20/2009,0.42
8/21/2009,0.45
8/24/2009,0.44
8/25/2009,0.47
8/26/2009,0.45
8/27/2009,0.46
8/28/2009,0.44
8/31/2009,0.43
9/1/2009,0.43
9/2/2009,0.41
9/3/2009,0.42
9/4/2009,0.42
9/8/2009,0.41
9/9/2009,0.4
9/10/2009,0.4
9/11/2009,0.39
9/14/2009,0.4
9/15/2009,0.39
9/16/2009,0.38
9/17/2009,0.4
9/18/2009,0.41
9/21/2009,0.4
9/22/2009,0.42
9/23/2009,0.41
9/24/2009,0.39
9/25/2009,0.41
9/28/2009,0.4
9/29/2009,0.41
9/30/2009,0.4
10/1/2009,0.37
10/2/2009,0.37
10/5/2009,0.36
10/6/2009,0.37
10/7/2009,0.34
10/8/2009,0.35
10/9/2009,0.38
10/12/2009,0.38
10/13/2009,0.35
10/14/2009,0.35
10/15/2009,0.36
10/16/2009,0.36
10/19/2009,0.38
10/20/2009,0.39
10/21/2009,0.4
10/22/2009,0.38
10/23/2009,0.4
10/26/2009,0.41
10/27/2009,0.39
10/28/2009,0.39
10/29/2009,0.4
10/30/2009,0.37
11/2/2009,0.38
11/3/2009,0.38
11/4/2009,0.36
11/5/2009,0.36
11/6/2009,0.34
11/9/2009,0.34
11/10/2009,0.33
11/11/2009,0.33
11/12/2009,0.32
11/13/2009,0.32
11/16/2009,0.31
11/17/2009,0.32
11/18/2009,0.29
11/19/2009,0.27
11/20/2009,0.27
11/23/2009,0.29
11/24/2009,0.28
11/25/2009,0.26
11/27/2009,0.26
11/30/2009,0.27
12/1/2009,0.26
12/2/2009,0.28
12/3/2009,0.3
12/4/2009,0.36
12/7/2009,0.32
12/8/2009,0.29
12/9/2009,0.31
12/10/2009,0.32
12/11/2009,0.35
12/14/2009,0.37
12/15/2009,0.41
12/16/2009,0.38
12/17/2009,0.35
12/18/2009,0.36
12/21/2009,0.4
12/22/2009,0.41
12/23/2009,0.41
12/24/2009,0.43
12/28/2009,0.47
12/29/2009,0.47
12/30/2009,0.45
12/31/2009,0.47
1/4/2010,0.45
1/5/2010,0.41
1/6/2010,0.4
1/7/2010,0.4
1/8/2010,0.37
1/11/2010,0.35
1/12/2010,0.34
1/13/2010,0.37
1/14/2010,0.34
1/15/2010,0.33
1/19/2010,0.33
1/20/2010,0.31
1/21/2010,0.31
1/22/2010,0.3
1/25/2010,0.3
1/26/2010,0.32
1/27/2010,0.33
1/28/2010,0.31
1/29/2010,0.3
2/1/2010,0.33
2/2/2010,0.33
2/3/2010,0.35
2/4/2010,0.32
2/5/2010,0.31
2/8/2010,0.32
2/9/2010,0.34
2/10/2010,0.38
2/11/2010,0.38
2/12/2010,0.35
2/16/2010,0.34
2/17/2010,0.35
2/18/2010,0.37
2/19/2010,0.39
2/22/2010,0.37
2/23/2010,0.36
2/24/2010,0.34
2/25/2010,0.32
2/26/2010,0.32
3/1/2010,0.32
3/2/2010,0.32
3/3/2010,0.33
3/4/2010,0.35
3/5/2010,0.38
3/8/2010,0.39
3/9/2010,0.37
3/10/2010,0.39
3/11/2010,0.4
3/12/2010,0.41
3/15/2010,0.4
3/16/2010,0.41
3/17/2010,0.41
3/18/2010,0.41
3/19/2010,0.42
3/22/2010,0.41
3/23/2010,0.4
3/24/2010,0.44
3/25/2010,0.44
3/26/2010,0.43
3/29/2010,0.42
3/30/2010,0.44
3/31/2010,0.41
4/1/2010,0.42
4/5/2010,0.48
4/6/2010,0.49
4/7/2010,0.47
4/8/2010,0.46
4/9/2010,0.46
4/12/2010,0.46
4/13/2010,0.45
4/14/2010,0.45
4/15/2010,0.43
4/16/2010,0.41
4/19/2010,0.43
4/20/2010,0.42
4/21/2010,0.44
4/22/2010,0.45
4/23/2010,0.46
4/26/2010,0.47
4/27/2010,0.42
4/28/2010,0.43
4/29/2010,0.42
4/30/2010,0.41
5/3/2010,0.43
5/4/2010,0.43
5/5/2010,0.39
5/6/2010,0.34
5/7/2010,0.38
5/10/2010,0.39
5/11/2010,0.38
5/12/2010,0.4
5/13/2010,0.4
5/14/2010,0.34
5/17/2010,0.36
5/18/2010,0.35
5/19/2010,0.35
5/20/2010,0.34
5/21/2010,0.35
5/24/2010,0.35
5/25/2010,0.36
5/26/2010,0.37
5/27/2010,0.37
5/28/2010,0.34
6/1/2010,0.35
6/2/2010,0.38
6/3/2010,0.38
6/4/2010,0.34
6/7/2010,0.35
6/8/2010,0.34
6/9/2010,0.33
6/10/2010,0.34
6/11/2010,0.3
6/14/2010,0.31
6/15/2010,0.31
6/16/2010,0.3
6/17/2010,0.28
6/18/2010,0.3
6/21/2010,0.29
6/22/2010,0.29
6/23/2010,0.3
6/24/2010,0.29
6/25/2010,0.29
6/28/2010,0.3
6/29/2010,0.31
6/30/2010,0.32
7/1/2010,0.32
7/2/2010,0.31
7/6/2010,0.32
7/7/2010,0.31
7/8/2010,0.3
7/9/2010,0.3
7/12/2010,0.3
7/13/2010,0.3
7/14/2010,0.27
7/15/2010,0.27
7/16/2010,0.28
7/19/2010,0.28
7/20/2010,0.27
7/21/2010,0.27
7/22/2010,0.27
7/23/2010,0.27
7/26/2010,0.29
7/27/2010,0.3
7/28/2010,0.3
7/29/2010,0.3
7/30/2010,0.29
8/2/2010,0.28
8/3/2010,0.27
8/4/2010,0.28
8/5/2010,0.27
8/6/2010,0.25
8/9/2010,0.26
8/10/2010,0.25
8/11/2010,0.25
8/12/2010,0.25
8/13/2010,0.26
8/16/2010,0.25
8/17/2010,0.26
8/18/2010,0.25
8/19/2010,0.25
8/20/2010,0.26
8/23/2010,0.25
8/24/2010,0.27
8/25/2010,0.26
8/26/2010,0.25
8/27/2010,0.27
8/30/2010,0.26
8/31/2010,0.25
9/1/2010,0.25
9/2/2010,0.25
9/3/2010,0.25
9/7/2010,0.25
9/8/2010,0.24
9/9/2010,0.26
9/10/2010,0.27
9/13/2010,0.26
9/14/2010,0.26
9/15/2010,0.26
9/16/2010,0.25
9/17/2010,0.26
9/20/2010,0.26
9/21/2010,0.26
9/22/2010,0.25
9/23/2010,0.25
9/24/2010,0.25
9/27/2010,0.26
9/28/2010,0.26
9/29/2010,0.27
9/30/2010,0.27
10/1/2010,0.26
10/4/2010,0.26
10/5/2010,0.25
10/6/2010,0.24
10/7/2010,0.23
10/8/2010,0.21
10/11/2010,0.21
10/12/2010,0.21
10/13/2010,0.22
10/14/2010,0.22
10/15/2010,0.22
10/18/2010,0.23
10/19/2010,0.22
10/20/2010,0.22
10/21/2010,0.22
10/22/2010,0.21
10/25/2010,0.23
10/26/2010,0.23
10/27/2010,0.23
10/28/2010,0.23
10/29/2010,0.22
11/1/2010,0.22
11/2/2010,0.22
11/3/2010,0.22
11/4/2010,0.21
11/5/2010,0.22
11/8/2010,0.22
11/9/2010,0.24
11/10/2010,0.24
11/11/2010,0.24
11/12/2010,0.27
11/15/2010,0.29
11/16/2010,0.27
11/17/2010,0.26
11/18/2010,0.26
11/19/2010,0.27
11/22/2010,0.26
11/23/2010,0.26
11/24/2010,0.28
11/26/2010,0.28
11/29/2010,0.28
11/30/2010,0.27
12/1/2010,0.28
12/2/2010,0.29
12/3/2010,0.26
12/6/2010,0.26
12/7/2010,0.28
12/8/2010,0.3
12/9/2010,0.3
12/10/2010,0.29
12/13/2010,0.29
12/14/2010,0.3
12/15/2010,0.3
12/16/2010,0.31
12/17/2010,0.3
12/20/2010,0.3
12/21/2010,0.3
12/22/2010,0.3
12/23/2010,0.3
12/27/2010,0.32
12/28/2010,0.31
12/29/2010,0.3
12/30/2010,0.29
12/31/2010,0.29
1/3/2011,0.29
1/4/2011,0.28
1/5/2011,0.31
1/6/2011,0.3
1/7/2011,0.29
1/10/2011,0.29
1/11/2011,0.28
1/12/2011,0.26
1/13/2011,0.26
1/14/2011,0.27
1/18/2011,0.26
1/19/2011,0.27
1/20/2011,0.27
1/21/2011,0.27
1/24/2011,0.28
1/25/2011,0.27
1/26/2011,0.27
1/27/2011,0.25
1/28/2011,0.24
1/31/2011,0.26
2/1/2011,0.27
2/2/2011,0.28
2/3/2011,0.29
2/4/2011,0.31
2/7/2011,0.31
2/8/2011,0.31
2/9/2011,0.3
2/10/2011,0.3
2/11/2011,0.3
2/14/2011,0.3
2/15/2011,0.3
2/16/2011,0.29
2/17/2011,0.27
2/18/2011,0.28
2/22/2011,0.28
2/23/2011,0.27
2/24/2011,0.26
2/25/2011,0.27
2/28/2011,0.25
3/1/2011,0.25
3/2/2011,0.26
3/3/2011,0.29
3/4/2011,0.26
3/7/2011,0.25
3/8/2011,0.26
3/9/2011,0.26
3/10/2011,0.25
3/11/2011,0.24
3/14/2011,0.22
3/15/2011,0.23
3/16/2011,0.21
3/17/2011,0.24
3/18/2011,0.23
3/21/2011,0.25
3/22/2011,0.25
3/23/2011,0.24
3/24/2011,0.26
3/25/2011,0.3
3/28/2011,0.3
3/29/2011,0.31
3/30/2011,0.3
3/31/2011,0.3
4/1/2011,0.27
4/4/2011,0.24
4/5/2011,0.3
4/6/2011,0.29
4/7/2011,0.27
4/8/2011,0.27
4/11/2011,0.26
4/12/2011,0.24
4/13/2011,0.23
4/14/2011,0.25
4/15/2011,0.24
4/18/2011,0.24
4/19/2011,0.24
4/20/2011,0.24
4/21/2011,0.23
4/25/2011,0.23
4/26/2011,0.22
4/27/2011,0.22
4/28/2011,0.23
4/29/2011,0.22
5/2/2011,0.22
5/3/2011,0.2
5/4/2011,0.19
5/5/2011,0.2
5/6/2011,0.18
5/9/2011,0.17
5/10/2011,0.19
5/11/2011,0.18
5/12/2011,0.18
5/13/2011,0.19
5/16/2011,0.18
5/17/2011,0.19
5/18/2011,0.19
5/19/2011,0.19
5/20/2011,0.18
5/23/2011,0.2
5/24/2011,0.2
5/25/2011,0.18
5/26/2011,0.18
5/27/2011,0.18
5/31/2011,0.18
6/1/2011,0.18
6/2/2011,0.19
6/3/2011,0.18
6/6/2011,0.18
6/7/2011,0.18
6/8/2011,0.18
6/9/2011,0.19
6/10/2011,0.19
6/13/2011,0.18
6/14/2011,0.19
6/15/2011,0.19
6/16/2011,0.18
6/17/2011,0.17
6/20/2011,0.18
6/21/2011,0.18
6/22/2011,0.16
6/23/2011,0.15
6/24/2011,0.16
6/27/2011,0.18
6/28/2011,0.21
6/29/2011,0.19
6/30/2011,0.19
7/1/2011,0.2
7/5/2011,0.19
7/6/2011,0.19
7/7/2011,0.2
7/8/2011,0.17
7/11/2011,0.17
7/12/2011,0.18
7/13/2011,0.16
7/14/2011,0.15
7/15/2011,0.15
7/18/2011,0.15
7/19/2011,0.17
7/20/2011,0.19
7/21/2011,0.2
7/22/2011,0.2
7/25/2011,0.2
7/26/2011,0.21
7/27/2011,0.21
7/28/2011,0.21
7/29/2011,0.2
8/1/2011,0.22
8/2/2011,0.17
8/3/2011,0.16
8/4/2011,0.12
8/5/2011,0.11
8/8/2011,0.12
8/9/2011,0.11
8/10/2011,0.09
8/11/2011,0.1
8/12/2011,0.11
8/15/2011,0.12
8/16/2011,0.12
8/17/2011,0.12
8/18/2011,0.1
8/19/2011,0.1
8/22/2011,0.09
8/23/2011,0.1
8/24/2011,0.11
8/25/2011,0.1
8/26/2011,0.09
8/29/2011,0.09
8/30/2011,0.09
8/31/2011,0.1
9/1/2011,0.1
9/2/2011,0.1
9/6/2011,0.13
9/7/2011,0.11
9/8/2011,0.12
9/9/2011,0.11
9/12/2011,0.11
9/13/2011,0.1
9/14/2011,0.09
9/15/2011,0.1
9/16/2011,0.09
9/19/2011,0.08
9/20/2011,0.09
9/21/2011,0.11
9/22/2011,0.1
9/23/2011,0.1
9/26/2011,0.1
9/27/2011,0.1
9/28/2011,0.12
9/29/2011,0.11
9/30/2011,0.13
10/3/2011,0.12
10/4/2011,0.11
10/5/2011,0.1
10/6/2011,0.09
10/7/2011,0.11
10/10/2011,0.11
10/11/2011,0.12
10/12/2011,0.09
10/13/2011,0.11
10/14/2011,0.11
10/17/2011,0.12
10/18/2011,0.12
10/19/2011,0.11
10/20/2011,0.12
10/21/2011,0.12
10/24/2011,0.11
10/25/2011,0.11
10/26/2011,0.13
10/27/2011,0.14
10/28/2011,0.13
10/31/2011,0.12
11/1/2011,0.13
11/2/2011,0.11
11/3/2011,0.11
11/4/2011,0.11
11/7/2011,0.09
11/8/2011,0.1
11/9/2011,0.1
11/10/2011,0.1
11/11/2011,0.1
11/14/2011,0.09
11/15/2011,0.11
11/16/2011,0.11
11/17/2011,0.1
11/18/2011,0.12
11/21/2011,0.11
11/22/2011,0.11
11/23/2011,0.12
11/25/2011,0.13
11/28/2011,0.13
11/29/2011,0.14
11/30/2011,0.12
12/1/2011,0.12
12/2/2011,0.12
12/5/2011,0.11
12/6/2011,0.11
12/7/2011,0.11
12/8/2011,0.1
12/9/2011,0.11
12/12/2011,0.1
12/13/2011,0.11
12/14/2011,0.12
12/15/2011,0.12
12/16/2011,0.11
12/19/2011,0.11
12/20/2011,0.12
12/21/2011,0.13
12/22/2011,0.12
12/23/2011,0.12
12/27/2011,0.12
12/28/2011,0.12
12/29/2011,0.12
12/30/2011,0.12
1/3/2012,0.12
1/4/2012,0.12
1/5/2012,0.11
1/6/2012,0.12
1/9/2012,0.11
1/10/2012,0.11
1/11/2012,0.11
1/12/2012,0.11
1/13/2012,0.1
1/17/2012,0.11
1/18/2012,0.11
1/19/2012,0.11
1/20/2012,0.11
1/23/2012,0.12
1/24/2012,0.12
1/25/2012,0.12
1/26/2012,0.12
1/27/2012,0.12
1/30/2012,0.12
1/31/2012,0.13
2/1/2012,0.13
2/2/2012,0.14
2/3/2012,0.14
2/6/2012,0.14
2/7/2012,0.14
2/8/2012,0.15
2/9/2012,0.15
2/10/2012,0.15
2/13/2012,0.15
2/14/2012,0.18
2/15/2012,0.18
2/16/2012,0.17
2/17/2012,0.18
2/21/2012,0.17
2/22/2012,0.17
2/23/2012,0.17
2/24/2012,0.18
2/27/2012,0.17
2/28/2012,0.18
2/29/2012,0.18
3/1/2012,0.18
3/2/2012,0.17
3/5/2012,0.17
3/6/2012,0.17
3/7/2012,0.18
3/8/2012,0.18
3/9/2012,0.18
3/12/2012,0.18
3/13/2012,0.2
3/14/2012,0.21
3/15/2012,0.21
3/16/2012,0.21
3/19/2012,0.21
3/20/2012,0.22
3/21/2012,0.21
3/22/2012,0.19
3/23/2012,0.19
3/26/2012,0.19
3/27/2012,0.18
3/28/2012,0.18
3/29/2012,0.18
3/30/2012,0.19
4/2/2012,0.18
4/3/2012,0.2
4/4/2012,0.19
4/5/2012,0.19
4/9/2012,0.19
4/10/2012,0.19
4/11/2012,0.18
4/12/2012,0.18
4/13/2012,0.17
4/16/2012,0.18
4/17/2012,0.18
4/18/2012,0.18
4/19/2012,0.17
4/20/2012,0.18
4/23/2012,0.17
4/24/2012,0.18
4/25/2012,0.18
4/26/2012,0.18
4/27/2012,0.19
4/30/2012,0.2
5/1/2012,0.19
5/2/2012,0.18
5/3/2012,0.19
5/4/2012,0.18
5/7/2012,0.18
5/8/2012,0.18
5/9/2012,0.18
5/10/2012,0.18
5/11/2012,0.18
5/14/2012,0.19
5/15/2012,0.19
5/16/2012,0.2
5/17/2012,0.2
5/18/2012,0.2
5/21/2012,0.21
5/22/2012,0.21
5/23/2012,0.2
5/24/2012,0.21
5/25/2012,0.2
5/29/2012,0.2
5/30/2012,0.19
5/31/2012,0.18
6/1/2012,0.17
6/4/2012,0.18
6/5/2012,0.18
6/6/2012,0.18
6/7/2012,0.18
6/8/2012,0.19
6/11/2012,0.18
6/12/2012,0.19
6/13/2012,0.18
6/14/2012,0.18
6/15/2012,0.18
6/18/2012,0.18
6/19/2012,0.18
6/20/2012,0.2
6/21/2012,0.19
6/22/2012,0.19
6/25/2012,0.19
6/26/2012,0.21
6/27/2012,0.21
6/28/2012,0.22
6/29/2012,0.21
7/2/2012,0.21
7/3/2012,0.21
7/5/2012,0.19
7/6/2012,0.2
7/9/2012,0.2
7/10/2012,0.2
7/11/2012,0.2
7/12/2012,0.2
7/13/2012,0.2
7/16/2012,0.18
7/17/2012,0.18
7/18/2012,0.18
7/19/2012,0.17
7/20/2012,0.17
7/23/2012,0.17
7/24/2012,0.18
7/25/2012,0.17
7/26/2012,0.18
7/27/2012,0.17
7/30/2012,0.18
7/31/2012,0.16
8/1/2012,0.17
8/2/2012,0.17
8/3/2012,0.16
8/6/2012,0.16
8/7/2012,0.19
8/8/2012,0.19
8/9/2012,0.2
8/10/2012,0.18
8/13/2012,0.19
8/14/2012,0.19
8/15/2012,0.19
8/16/2012,0.2
8/17/2012,0.2
8/20/2012,0.19
8/21/2012,0.2
8/22/2012,0.19
8/23/2012,0.19
8/24/2012,0.19
8/27/2012,0.18
8/28/2012,0.18
8/29/2012,0.18
8/30/2012,0.17
8/31/2012,0.16
9/4/2012,0.16
9/5/2012,0.17
9/6/2012,0.18
9/7/2012,0.18
9/10/2012,0.18
9/11/2012,0.18
9/12/2012,0.18
9/13/2012,0.17
9/14/2012,0.18
9/17/2012,0.18
9/18/2012,0.18
9/19/2012,0.18
9/20/2012,0.18
9/21/2012,0.18
9/24/2012,0.18
9/25/2012,0.18
9/26/2012,0.17
9/27/2012,0.16
9/28/2012,0.17
10/1/2012,0.17
10/2/2012,0.16
10/3/2012,0.16
10/4/2012,0.18
10/5/2012,0.18
10/8/2012,0.18
10/9/2012,0.18
10/10/2012,0.18
10/11/2012,0.18
10/12/2012,0.18
10/15/2012,0.19
10/16/2012,0.18
10/17/2012,0.18
10/18/2012,0.18
10/19/2012,0.18
10/22/2012,0.19
10/23/2012,0.18
10/24/2012,0.18
10/25/2012,0.19
10/26/2012,0.19
10/31/2012,0.18
11/1/2012,0.18
11/2/2012,0.19
11/5/2012,0.19
11/6/2012,0.19
11/7/2012,0.18
11/8/2012,0.2
11/9/2012,0.18
11/12/2012,0.18
11/13/2012,0.18
11/14/2012,0.18
11/15/2012,0.17
11/16/2012,0.16
11/19/2012,0.16
11/20/2012,0.16
11/21/2012,0.17
11/23/2012,0.19
11/26/2012,0.17
11/27/2012,0.18
11/28/2012,0.18
11/29/2012,0.18
11/30/2012,0.18
12/3/2012,0.18
12/4/2012,0.18
12/5/2012,0.18
12/6/2012,0.18
12/7/2012,0.18
12/10/2012,0.18
12/11/2012,0.16
12/12/2012,0.14
12/13/2012,0.14
12/14/2012,0.13
12/17/2012,0.13
12/18/2012,0.16
12/19/2012,0.15
12/20/2012,0.15
12/21/2012,0.15
12/24/2012,0.16
12/26/2012,0.16
12/27/2012,0.15
12/28/2012,0.15
12/31/2012,0.16
1/2/2013,0.15
1/3/2013,0.15
1/4/2013,0.15
1/7/2013,0.15
1/8/2013,0.14
1/9/2013,0.13
1/10/2013,0.14
1/11/2013,0.14
1/14/2013,0.14
1/15/2013,0.14
1/16/2013,0.14
1/17/2013,0.14
1/18/2013,0.14
1/22/2013,0.14
1/23/2013,0.15
1/24/2013,0.15
1/25/2013,0.15
1/28/2013,0.16
1/29/2013,0.15
1/30/2013,0.15
1/31/2013,0.15
2/1/2013,0.15
2/4/2013,0.15
2/5/2013,0.15
2/6/2013,0.15
2/7/2013,0.15
2/8/2013,0.14
2/11/2013,0.15
2/12/2013,0.14
2/13/2013,0.15
2/14/2013,0.16
2/15/2013,0.17
2/19/2013,0.17
2/20/2013,0.17
2/21/2013,0.16
2/22/2013,0.16
2/25/2013,0.16
2/26/2013,0.17
2/27/2013,0.17
2/28/2013,0.17
3/1/2013,0.16
3/4/2013,0.16
3/5/2013,0.15
3/6/2013,0.15
3/7/2013,0.15
3/8/2013,0.15
3/11/2013,0.15
3/12/2013,0.15
3/13/2013,0.15
3/14/2013,0.15
3/15/2013,0.14
3/18/2013,0.15
3/19/2013,0.15
3/20/2013,0.15
3/21/2013,0.14
3/22/2013,0.14
3/25/2013,0.14
3/26/2013,0.14
3/27/2013,0.14
3/28/2013,0.14
4/1/2013,0.14
4/2/2013,0.14
4/3/2013,0.13
4/4/2013,0.13
4/5/2013,0.13
4/8/2013,0.13
4/9/2013,0.13
4/10/2013,0.12
4/11/2013,0.12
4/12/2013,0.11
4/15/2013,0.12
4/16/2013,0.13
4/17/2013,0.13
4/18/2013,0.12
4/19/2013,0.12
4/22/2013,0.12
4/23/2013,0.12
4/24/2013,0.13
4/25/2013,0.12
4/26/2013,0.12
4/29/2013,0.12
4/30/2013,0.11
5/1/2013,0.11
5/2/2013,0.11
5/3/2013,0.11
5/6/2013,0.11
5/7/2013,0.1
5/8/2013,0.11
5/9/2013,0.11
5/10/2013,0.11
5/13/2013,0.13
5/14/2013,0.12
5/15/2013,0.12
5/16/2013,0.12
5/17/2013,0.12
5/20/2013,0.12
5/21/2013,0.12
5/22/2013,0.11
5/23/2013,0.12
5/24/2013,0.12
5/28/2013,0.13
5/29/2013,0.14
5/30/2013,0.13
5/31/2013,0.14
6/3/2013,0.14
6/4/2013,0.14
6/5/2013,0.14
6/6/2013,0.14
6/7/2013,0.14
6/10/2013,0.14
6/11/2013,0.14
6/12/2013,0.14
6/13/2013,0.14
6/14/2013,0.13
6/17/2013,0.13
6/18/2013,0.13
6/19/2013,0.13
6/20/2013,0.14
6/21/2013,0.13
6/24/2013,0.16
6/25/2013,0.17
6/26/2013,0.16
6/27/2013,0.15
6/28/2013,0.15
7/1/2013,0.15
7/2/2013,0.14
7/3/2013,0.14
7/5/2013,0.15
7/8/2013,0.14
7/9/2013,0.14
7/10/2013,0.13
7/11/2013,0.13
7/12/2013,0.12
7/15/2013,0.11
7/16/2013,0.1
7/17/2013,0.11
7/18/2013,0.11
7/19/2013,0.11
7/22/2013,0.1
7/23/2013,0.12
7/24/2013,0.12
7/25/2013,0.12
7/26/2013,0.11
7/29/2013,0.11
7/30/2013,0.11
7/31/2013,0.11
8/1/2013,0.13
8/2/2013,0.11
8/5/2013,0.12
8/6/2013,0.12
8/7/2013,0.12
8/8/2013,0.12
8/9/2013,0.11
8/12/2013,0.12
8/13/2013,0.12
8/14/2013,0.12
8/15/2013,0.13
8/16/2013,0.13
8/19/2013,0.13
8/20/2013,0.13
8/21/2013,0.14
8/22/2013,0.14
8/23/2013,0.14
8/26/2013,0.13
8/27/2013,0.12
8/28/2013,0.14
8/29/2013,0.14
8/30/2013,0.13
9/3/2013,0.14
9/4/2013,0.14
9/5/2013,0.16
9/6/2013,0.14
9/9/2013,0.12
9/10/2013,0.13
9/11/2013,0.12
9/12/2013,0.13
9/13/2013,0.13
9/16/2013,0.13
9/17/2013,0.12
9/18/2013,0.11
9/19/2013,0.1
9/20/2013,0.11
9/23/2013,0.1
9/24/2013,0.1
9/25/2013,0.1
9/26/2013,0.09
9/27/2013,0.1
9/30/2013,0.1
10/1/2013,0.1
10/2/2013,0.11
10/3/2013,0.11
10/4/2013,0.11
10/7/2013,0.12
10/8/2013,0.15
10/9/2013,0.15
10/10/2013,0.14
10/11/2013,0.14
10/14/2013,0.14
10/15/2013,0.16
10/16/2013,0.15
10/17/2013,0.13
10/18/2013,0.12
10/21/2013,0.11
10/22/2013,0.1
10/23/2013,0.11
10/24/2013,0.12
10/25/2013,0.11
10/28/2013,0.11
10/29/2013,0.11
10/30/2013,0.11
10/31/2013,0.1
11/1/2013,0.1
11/4/2013,0.09
11/5/2013,0.1
11/6/2013,0.11
11/7/2013,0.11
11/8/2013,0.12
11/11/2013,0.12
11/12/2013,0.13
11/13/2013,0.13
11/14/2013,0.13
11/15/2013,0.13
11/18/2013,0.13
11/19/2013,0.14
11/20/2013,0.12
11/21/2013,0.12
11/22/2013,0.12
11/25/2013,0.14
11/26/2013,0.13
11/27/2013,0.13
11/29/2013,0.13
12/2/2013,0.13
12/3/2013,0.13
12/4/2013,0.14
12/5/2013,0.13
12/6/2013,0.13
12/9/2013,0.13
12/10/2013,0.14
12/11/2013,0.13
12/12/2013,0.14
12/13/2013,0.14
12/16/2013,0.13
12/17/2013,0.14
12/18/2013,0.13
12/19/2013,0.13
12/20/2013,0.13
12/23/2013,0.14
12/24/2013,0.14
12/26/2013,0.13
12/27/2013,0.12
12/30/2013,0.13
12/31/2013,0.13
1/2/2014,0.13
1/3/2014,0.13
1/6/2014,0.12
1/7/2014,0.13
1/8/2014,0.13
1/9/2014,0.13
1/10/2014,0.12
1/13/2014,0.11
1/14/2014,0.11
1/15/2014,0.13
1/16/2014,0.11
1/17/2014,0.11
1/21/2014,0.12
1/22/2014,0.11
1/23/2014,0.11
1/24/2014,0.11
1/27/2014,0.11
1/28/2014,0.11
1/29/2014,0.11
1/30/2014,0.1
1/31/2014,0.1
2/3/2014,0.11
2/4/2014,0.12
2/5/2014,0.12
2/6/2014,0.13
2/7/2014,0.12
2/10/2014,0.12
2/11/2014,0.12
2/12/2014,0.12
2/13/2014,0.12
2/14/2014,0.11
2/18/2014,0.12
2/19/2014,0.11
2/20/2014,0.12
2/21/2014,0.12
2/24/2014,0.11
2/25/2014,0.11
2/26/2014,0.11
2/27/2014,0.11
2/28/2014,0.12
3/3/2014,0.12
3/4/2014,0.12
3/5/2014,0.13
3/6/2014,0.12
3/7/2014,0.13
3/10/2014,0.12
3/11/2014,0.13
3/12/2014,0.12
3/13/2014,0.12
3/14/2014,0.12
3/17/2014,0.13
3/18/2014,0.13
3/19/2014,0.15
3/20/2014,0.14
3/21/2014,0.14
3/24/2014,0.14
3/25/2014,0.13
3/26/2014,0.12
3/27/2014,0.12
3/28/2014,0.13
3/31/2014,0.13
4/1/2014,0.13
4/2/2014,0.12
4/3/2014,0.11
4/4/2014,0.11
4/7/2014,0.11
4/8/2014,0.11
4/9/2014,0.1
4/10/2014,0.09
4/11/2014,0.09
4/14/2014,0.1
4/15/2014,0.11
4/16/2014,0.11
4/17/2014,0.11
4/21/2014,0.11
4/22/2014,0.11
4/23/2014,0.11
4/24/2014,0.1
4/25/2014,0.11
4/28/2014,0.1
4/29/2014,0.11
4/30/2014,0.11
5/1/2014,0.1
5/2/2014,0.1
5/5/2014,0.11
5/6/2014,0.1
5/7/2014,0.1
5/8/2014,0.1
5/9/2014,0.1
5/12/2014,0.09
5/13/2014,0.1
5/14/2014,0.1
5/15/2014,0.09
5/16/2014,0.09
5/19/2014,0.09
5/20/2014,0.09
5/21/2014,0.09
5/22/2014,0.09
5/23/2014,0.1
5/27/2014,0.09
5/28/2014,0.1
5/29/2014,0.1
5/30/2014,0.1
6/2/2014,0.1
6/3/2014,0.1
6/4/2014,0.1
6/5/2014,0.1
6/6/2014,0.11
6/9/2014,0.11
6/10/2014,0.11
6/11/2014,0.11
6/12/2014,0.1
6/13/2014,0.11
6/16/2014,0.11
6/17/2014,0.11
6/18/2014,0.1
6/19/2014,0.09
6/20/2014,0.09
6/23/2014,0.1
6/24/2014,0.12
6/25/2014,0.11
6/26/2014,0.11
6/27/2014,0.1
6/30/2014,0.11
7/1/2014,0.11
7/2/2014,0.12
7/3/2014,0.11
7/7/2014,0.12
7/8/2014,0.11
7/9/2014,0.11
7/10/2014,0.1
7/11/2014,0.11
7/14/2014,0.11
7/15/2014,0.11
7/16/2014,0.11
7/17/2014,0.1
7/18/2014,0.1
7/21/2014,0.11
7/22/2014,0.11
7/23/2014,0.11
7/24/2014,0.11
7/25/2014,0.11
7/28/2014,0.11
7/29/2014,0.12
7/30/2014,0.13
7/31/2014,0.12
8/1/2014,0.13
8/4/2014,0.12
8/5/2014,0.12
8/6/2014,0.11
8/7/2014,0.11
8/8/2014,0.1
8/11/2014,0.1
8/12/2014,0.1
8/13/2014,0.1
8/14/2014,0.1
8/15/2014,0.09
8/18/2014,0.1
8/19/2014,0.11
8/20/2014,0.12
8/21/2014,0.1
8/22/2014,0.1
8/25/2014,0.11
8/26/2014,0.12
8/27/2014,0.11
8/28/2014,0.11
8/29/2014,0.09
9/2/2014,0.1
9/3/2014,0.11
9/4/2014,0.1
9/5/2014,0.1
9/8/2014,0.1
9/9/2014,0.11
9/10/2014,0.11
9/11/2014,0.11
9/12/2014,0.11
9/15/2014,0.11
9/16/2014,0.13
9/17/2014,0.12
9/18/2014,0.12
9/19/2014,0.11
9/22/2014,0.1
9/23/2014,0.1
9/24/2014,0.11
9/25/2014,0.1
9/26/2014,0.11
9/29/2014,0.11
9/30/2014,0.13
10/1/2014,0.1
10/2/2014,0.1
10/3/2014,0.11
10/6/2014,0.11
10/7/2014,0.1
10/8/2014,0.1
10/9/2014,0.1
10/10/2014,0.1
10/13/2014,0.1
10/14/2014,0.09
10/15/2014,0.1
10/16/2014,0.1
10/17/2014,0.11
10/20/2014,0.1
10/21/2014,0.1
10/22/2014,0.11
10/23/2014,0.11
10/24/2014,0.11
10/27/2014,0.11
10/28/2014,0.11
10/29/2014,0.11
10/30/2014,0.11
10/31/2014,0.11
11/3/2014,0.12
11/4/2014,0.11
11/5/2014,0.11
11/6/2014,0.12
11/7/2014,0.12
11/10/2014,0.13
11/11/2014,0.13
11/12/2014,0.14
11/13/2014,0.15
11/14/2014,0.15
11/17/2014,0.15
11/18/2014,0.14
11/19/2014,0.15
11/20/2014,0.14
11/21/2014,0.14
11/24/2014,0.14
11/25/2014,0.14
11/26/2014,0.14
11/28/2014,0.13
12/1/2014,0.13
12/2/2014,0.14
12/3/2014,0.15
12/4/2014,0.14
12/5/2014,0.18
12/8/2014,0.18
12/9/2014,0.23
12/10/2014,0.21
12/11/2014,0.21
12/12/2014,0.19
12/15/2014,0.22
12/16/2014,0.21
12/17/2014,0.23
12/18/2014,0.25
12/19/2014,0.26
12/22/2014,0.28
12/23/2014,0.26
12/24/2014,0.26
12/26/2014,0.26
12/29/2014,0.25
12/30/2014,0.23
12/31/2014,0.25
1/2/2015,0.25
1/5/2015,0.26
1/6/2015,0.25
1/7/2015,0.25
1/8/2015,0.23
1/9/2015,0.22
1/12/2015,0.19
1/13/2015,0.2
1/14/2015,0.18
1/15/2015,0.16
1/16/2015,0.17
1/20/2015,0.17
1/21/2015,0.17
1/22/2015,0.17
1/23/2015,0.17
1/26/2015,0.18
1/27/2015,0.17
1/28/2015,0.17
1/29/2015,0.17
1/30/2015,0.18
2/2/2015,0.17
2/3/2015,0.21
2/4/2015,0.2
2/5/2015,0.2
2/6/2015,0.26
2/9/2015,0.24
2/10/2015,0.25
2/11/2015,0.24
2/12/2015,0.23
2/13/2015,0.23
2/17/2015,0.25
2/18/2015,0.23
2/19/2015,0.23
2/20/2015,0.23
2/23/2015,0.22
2/24/2015,0.22
2/25/2015,0.21
2/26/2015,0.22
2/27/2015,0.22
3/2/2015,0.22
3/3/2015,0.26
3/4/2015,0.26
3/5/2015,0.25
3/6/2015,0.27
3/9/2015,0.27
3/10/2015,0.25
3/11/2015,0.25
3/12/2015,0.24
3/13/2015,0.24
3/16/2015,0.26
3/17/2015,0.27
3/18/2015,0.23
3/19/2015,0.26
3/20/2015,0.24
3/23/2015,0.24
3/24/2015,0.24
3/25/2015,0.25
3/26/2015,0.28
3/27/2015,0.27
3/30/2015,0.27
3/31/2015,0.26
4/1/2015,0.27
4/2/2015,0.25
4/6/2015,0.21
4/7/2015,0.22
4/8/2015,0.22
4/9/2015,0.22
4/10/2015,0.24
4/13/2015,0.23
4/14/2015,0.23
4/15/2015,0.23
4/16/2015,0.22
4/17/2015,0.23
4/20/2015,0.24
4/21/2015,0.23
4/22/2015,0.23
4/23/2015,0.24
4/24/2015,0.24
4/27/2015,0.25
4/28/2015,0.24
4/29/2015,0.25
4/30/2015,0.24
5/1/2015,0.25
5/4/2015,0.25
5/5/2015,0.24
5/6/2015,0.25
5/7/2015,0.24
5/8/2015,0.23
5/11/2015,0.25
5/12/2015,0.25
5/13/2015,0.24
5/14/2015,0.23
5/15/2015,0.23
5/18/2015,0.22
5/19/2015,0.23
5/20/2015,0.23
5/21/2015,0.22
5/22/2015,0.23
5/26/2015,0.24
5/27/2015,0.27
5/28/2015,0.26
5/29/2015,0.26
6/1/2015,0.26
6/2/2015,0.26
6/3/2015,0.26
6/4/2015,0.27
6/5/2015,0.29
6/8/2015,0.27
6/9/2015,0.27
6/10/2015,0.28
6/11/2015,0.28
6/12/2015,0.28
6/15/2015,0.28
6/16/2015,0.28
6/17/2015,0.27
6/18/2015,0.26
6/19/2015,0.25
6/22/2015,0.27
6/23/2015,0.3
6/24/2015,0.3
6/25/2015,0.29
6/26/2015,0.29
6/29/2015,0.27
6/30/2015,0.28
7/1/2015,0.28
7/2/2015,0.26
7/6/2015,0.26
7/7/2015,0.25
7/8/2015,0.24
7/9/2015,0.25
7/10/2015,0.28
7/13/2015,0.28
7/14/2015,0.27
7/15/2015,0.28
7/16/2015,0.29
7/17/2015,0.29
7/20/2015,0.31
7/21/2015,0.34
7/22/2015,0.34
7/23/2015,0.33
7/24/2015,0.32
7/27/2015,0.32
7/28/2015,0.32
7/29/2015,0.33
7/30/2015,0.36
7/31/2015,0.33
8/3/2015,0.33
8/4/2015,0.37
8/5/2015,0.38
8/6/2015,0.35
8/7/2015,0.38
8/10/2015,0.4
8/11/2015,0.37
8/12/2015,0.37
8/13/2015,0.4
8/14/2015,0.41
8/17/2015,0.4
8/18/2015,0.42
8/19/2015,0.39
8/20/2015,0.39
8/21/2015,0.36
8/24/2015,0.33
8/25/2015,0.36
8/26/2015,0.35
8/27/2015,0.36
8/28/2015,0.38
8/31/2015,0.39
9/1/2015,0.39
9/2/2015,0.37
9/3/2015,0.36
9/4/2015,0.36
9/8/2015,0.39
9/9/2015,0.39
9/10/2015,0.39
9/11/2015,0.4
9/14/2015,0.4
9/15/2015,0.47
9/16/2015,0.46
9/17/2015,0.39
9/18/2015,0.35
9/21/2015,0.36
9/22/2015,0.35
9/23/2015,0.34
9/24/2015,0.32
9/25/2015,0.35
9/28/2015,0.34
9/29/2015,0.33
9/30/2015,0.33
10/1/2015,0.31
10/2/2015,0.25
10/5/2015,0.26
10/6/2015,0.26
10/7/2015,0.27
10/8/2015,0.27
10/9/2015,0.28
10/12/2015,0.28
10/13/2015,0.27
10/14/2015,0.21
10/15/2015,0.22
10/16/2015,0.23
10/19/2015,0.23
10/20/2015,0.23
10/21/2015,0.23
10/22/2015,0.23
10/23/2015,0.24
10/26/2015,0.25
10/27/2015,0.29
10/28/2015,0.33
10/29/2015,0.33
10/30/2015,0.34
11/2/2015,0.37
11/3/2015,0.39
11/4/2015,0.4
11/5/2015,0.42
11/6/2015,0.47
11/9/2015,0.47
11/10/2015,0.51
11/11/2015,0.51
11/12/2015,0.51
11/13/2015,0.5
11/16/2015,0.5
11/17/2015,0.5
11/18/2015,0.49
11/19/2015,0.49
11/20/2015,0.49
11/23/2015,0.5
11/24/2015,0.52
11/25/2015,0.52
11/27/2015,0.5
11/30/2015,0.51
12/1/2015,0.51
12/2/2015,0.52
12/3/2015,0.57
12/4/2015,0.6
12/7/2015,0.67
12/8/2015,0.76
12/9/2015,0.72
12/10/2015,0.71
12/11/2015,0.68
12/14/2015,0.68
12/15/2015,0.69
12/16/2015,0.7
12/17/2015,0.69
12/18/2015,0.67
12/21/2015,0.64
12/22/2015,0.66
12/23/2015,0.65
12/24/2015,0.64
12/28/2015,0.66
12/29/2015,0.67
12/30/2015,0.64
12/31/2015,0.65
1/4/2016,0.61
1/5/2016,0.68
1/6/2016,0.67
1/7/2016,0.66
1/8/2016,0.64
1/11/2016,0.63
1/12/2016,0.62
1/13/2016,0.6
1/14/2016,0.55
1/15/2016,0.49
1/19/2016,0.48
1/20/2016,0.43
1/21/2016,0.44
1/22/2016,0.47
1/25/2016,0.47
1/26/2016,0.47
1/27/2016,0.47
1/28/2016,0.47
1/29/2016,0.47
2/1/2016,0.47
2/2/2016,0.54
2/3/2016,0.54
2/4/2016,0.52
2/5/2016,0.55
2/8/2016,0.51
2/9/2016,0.52
2/10/2016,0.52
2/11/2016,0.47
2/12/2016,0.51
2/16/2016,0.51
2/17/2016,0.53
2/18/2016,0.53
2/19/2016,0.53
2/22/2016,0.55
2/23/2016,0.55
2/24/2016,0.55
2/25/2016,0.56
2/26/2016,0.6
2/29/2016,0.62
3/1/2016,0.68
3/2/2016,0.67
3/3/2016,0.65
3/4/2016,0.67
3/7/2016,0.67
3/8/2016,0.68
3/9/2016,0.68
3/10/2016,0.69
3/11/2016,0.7
3/14/2016,0.7
3/15/2016,0.71
3/16/2016,0.66
3/17/2016,0.64
3/18/2016,0.62
3/21/2016,0.63
3/22/2016,0.64
3/23/2016,0.64
3/24/2016,0.63
3/28/2016,0.65
3/29/2016,0.63
3/30/2016,0.61
3/31/2016,0.59
4/1/2016,0.62
4/4/2016,0.59
4/5/2016,0.56
4/6/2016,0.55
4/7/2016,0.52
4/8/2016,0.54
4/11/2016,0.53
4/12/2016,0.54
4/13/2016,0.55
4/14/2016,0.55
4/15/2016,0.53
4/18/2016,0.52
4/19/2016,0.53
4/20/2016,0.54
4/21/2016,0.56
4/22/2016,0.56
4/25/2016,0.57
4/26/2016,0.61
4/27/2016,0.58
4/28/2016,0.56
4/29/2016,0.56
5/2/2016,0.55
5/3/2016,0.53
5/4/2016,0.52
5/5/2016,0.51
5/6/2016,0.51
5/9/2016,0.51
5/10/2016,0.52
5/11/2016,0.53
5/12/2016,0.54
5/13/2016,0.55
5/16/2016,0.57
5/17/2016,0.58
5/18/2016,0.63
5/19/2016,0.64
5/20/2016,0.67
5/23/2016,0.69
5/24/2016,0.69
5/25/2016,0.67
5/26/2016,0.65
5/27/2016,0.68
5/31/2016,0.68
6/1/2016,0.7
6/2/2016,0.68
6/3/2016,0.6
6/6/2016,0.6
6/7/2016,0.59
6/8/2016,0.6
6/9/2016,0.59
6/10/2016,0.57
6/13/2016,0.55
6/14/2016,0.55
6/15/2016,0.52
6/16/2016,0.53
6/17/2016,0.51
6/20/2016,0.56
6/21/2016,0.57
6/22/2016,0.56
6/23/2016,0.58
6/24/2016,0.48
6/27/2016,0.45
6/28/2016,0.45
6/29/2016,0.46
6/30/2016,0.45
7/1/2016,0.45
7/5/2016,0.44
7/6/2016,0.46
7/7/2016,0.47
7/8/2016,0.48
7/11/2016,0.5
7/12/2016,0.52
7/13/2016,0.51
7/14/2016,0.53
7/15/2016,0.52
7/18/2016,0.52
7/19/2016,0.56
7/20/2016,0.56
7/21/2016,0.54
7/22/2016,0.55
7/25/2016,0.55
7/26/2016,0.55
7/27/2016,0.53
7/28/2016,0.53
7/29/2016,0.5
8/1/2016,0.5
8/2/2016,0.5
8/3/2016,0.53
8/4/2016,0.51
8/5/2016,0.56
8/8/2016,0.57
8/9/2016,0.55
8/10/2016,0.55
8/11/2016,0.55
8/12/2016,0.56
8/15/2016,0.56
8/16/2016,0.57
8/17/2016,0.58
8/18/2016,0.58
8/19/2016,0.59
8/22/2016,0.58
8/23/2016,0.58
8/24/2016,0.59
8/25/2016,0.6
8/26/2016,0.62
8/29/2016,0.62
8/30/2016,0.61
8/31/2016,0.61
9/1/2016,0.6
9/2/2016,0.59
9/6/2016,0.56
9/7/2016,0.57
9/8/2016,0.57
9/9/2016,0.58
9/12/2016,0.57
9/13/2016,0.63
9/14/2016,0.62
9/15/2016,0.6
9/16/2016,0.61
9/19/2016,0.6
9/20/2016,0.61
9/21/2016,0.61
9/22/2016,0.6
9/23/2016,0.6
9/26/2016,0.58
9/27/2016,0.58
9/28/2016,0.6
9/29/2016,0.59
9/30/2016,0.59
10/3/2016,0.63
10/4/2016,0.64
10/5/2016,0.65
10/6/2016,0.65
10/7/2016,0.66
10/10/2016,0.66
10/11/2016,0.69
10/12/2016,0.68
10/13/2016,0.66
10/14/2016,0.66
10/17/2016,0.65
10/18/2016,0.66
10/19/2016,0.65
10/20/2016,0.66
10/21/2016,0.66
10/24/2016,0.66
10/25/2016,0.66
10/26/2016,0.67
10/27/2016,0.68
10/28/2016,0.66
10/31/2016,0.66
11/1/2016,0.65
11/2/2016,0.64
11/3/2016,0.64
11/4/2016,0.62
11/7/2016,0.63
11/8/2016,0.71
11/9/2016,0.72
11/10/2016,0.72
11/11/2016,0.72
11/14/2016,0.77
11/15/2016,0.78
11/16/2016,0.76
11/17/2016,0.77
11/18/2016,0.77
11/21/2016,0.78
11/22/2016,0.78
11/23/2016,0.8
11/25/2016,0.81
11/28/2016,0.79
11/29/2016,0.78
11/30/2016,0.8
12/1/2016,0.82
12/2/2016,0.8
12/5/2016,0.82
12/6/2016,0.83
12/7/2016,0.85
12/8/2016,0.84
12/9/2016,0.85
12/12/2016,0.85
12/13/2016,0.88
12/14/2016,0.92
12/15/2016,0.91
12/16/2016,0.91
12/19/2016,0.9
12/20/2016,0.9
12/21/2016,0.88
12/22/2016,0.87
12/23/2016,0.87
12/27/2016,0.89
12/28/2016,0.9
12/29/2016,0.85
12/30/2016,0.85
1/3/2017,0.89
1/4/2017,0.87
1/5/2017,0.83
1/6/2017,0.85
1/9/2017,0.82
1/10/2017,0.82
1/11/2017,0.82
1/12/2017,0.81
1/13/2017,0.82
1/17/2017,0.8
1/18/2017,0.82
1/19/2017,0.83
1/20/2017,0.82
1/23/2017,0.79
1/24/2017,0.81
1/25/2017,0.82
1/26/2017,0.82
1/27/2017,0.82
1/30/2017,0.81
1/31/2017,0.84
2/1/2017,0.83
2/2/2017,0.84
2/3/2017,0.82
2/6/2017,0.79
2/7/2017,0.8
2/8/2017,0.79
2/9/2017,0.8
2/10/2017,0.81
2/13/2017,0.82
2/14/2017,0.84
2/15/2017,0.86
2/16/2017,0.82
2/17/2017,0.82
2/21/2017,0.83
2/22/2017,0.82
2/23/2017,0.81
2/24/2017,0.8
2/27/2017,0.81
2/28/2017,0.88
3/1/2017,0.92
3/2/2017,0.98
3/3/2017,0.98
3/6/2017,0.97
3/7/2017,1.02
3/8/2017,1.03
3/9/2017,1.04
3/10/2017,1.03
3/13/2017,1.06
3/14/2017,1.06
3/15/2017,1.02
3/16/2017,1.01
3/17/2017,1
3/20/2017,1.01
3/21/2017,1
3/22/2017,0.99
3/23/2017,0.99
3/24/2017,1
3/27/2017,1
3/28/2017,1.03
3/29/2017,1.04
3/30/2017,1.03
3/31/2017,1.03
4/3/2017,1.02
4/4/2017,1.03
4/5/2017,1.03
4/6/2017,1.05
4/7/2017,1.08
4/10/2017,1.07
4/11/2017,1.05
4/12/2017,1.04
4/13/2017,1.03
4/17/2017,1.04
4/18/2017,1.02
4/19/2017,1.02
4/20/2017,1.01
4/21/2017,0.99
4/24/2017,1.03
4/25/2017,1.09
4/26/2017,1.07
4/27/2017,1.06
4/28/2017,1.07
5/1/2017,1.09
5/2/2017,1.08
5/3/2017,1.1
5/4/2017,1.11
5/5/2017,1.1
5/8/2017,1.12
5/9/2017,1.14
5/10/2017,1.13
5/11/2017,1.13
5/12/2017,1.11
5/15/2017,1.11
5/16/2017,1.11
5/17/2017,1.08
5/18/2017,1.09
5/19/2017,1.1
5/22/2017,1.12
5/23/2017,1.14
5/24/2017,1.18
5/25/2017,1.16
5/26/2017,1.17
5/30/2017,1.16
5/31/2017,1.17
6/1/2017,1.16
6/2/2017,1.16
6/5/2017,1.16
6/6/2017,1.16
6/7/2017,1.17
6/8/2017,1.19
6/9/2017,1.2
6/12/2017,1.19
6/13/2017,1.22
6/14/2017,1.2
6/15/2017,1.21
6/16/2017,1.21
6/19/2017,1.22
6/20/2017,1.22
6/21/2017,1.22
6/22/2017,1.22
6/23/2017,1.21
6/26/2017,1.2
6/27/2017,1.22
6/28/2017,1.21
6/29/2017,1.23
6/30/2017,1.24
7/3/2017,1.24
7/5/2017,1.24
7/6/2017,1.23
7/7/2017,1.22
7/10/2017,1.23
7/11/2017,1.2
7/12/2017,1.21
7/13/2017,1.23
7/14/2017,1.22
7/17/2017,1.22
7/18/2017,1.19
7/19/2017,1.23
7/20/2017,1.22
7/21/2017,1.22
7/24/2017,1.23
7/25/2017,1.24
7/26/2017,1.23
7/27/2017,1.22
7/28/2017,1.22
7/31/2017,1.23
8/1/2017,1.22
8/2/2017,1.24
8/3/2017,1.22
8/4/2017,1.23
8/7/2017,1.22
8/8/2017,1.24
8/9/2017,1.21
8/10/2017,1.22
8/11/2017,1.21
8/14/2017,1.23
8/15/2017,1.23
8/16/2017,1.24
8/17/2017,1.24
8/18/2017,1.24
8/21/2017,1.23
8/22/2017,1.24
8/23/2017,1.22
8/24/2017,1.23
8/25/2017,1.23
8/28/2017,1.24
8/29/2017,1.23
8/30/2017,1.23
8/31/2017,1.23
9/1/2017,1.24
9/5/2017,1.23
9/6/2017,1.24
9/7/2017,1.21
9/8/2017,1.22
9/11/2017,1.24
9/12/2017,1.27
9/13/2017,1.27
9/14/2017,1.28
9/15/2017,1.3
9/18/2017,1.3
9/19/2017,1.31
9/20/2017,1.32
9/21/2017,1.31
9/22/2017,1.3
9/25/2017,1.3
9/26/2017,1.31
9/27/2017,1.33
9/28/2017,1.31
9/29/2017,1.31
10/2/2017,1.31
10/3/2017,1.32
10/4/2017,1.33
10/5/2017,1.35
10/6/2017,1.35
10/9/2017,1.35
10/10/2017,1.42
10/11/2017,1.4
10/12/2017,1.41
10/13/2017,1.39
10/16/2017,1.42
10/17/2017,1.41
10/18/2017,1.42
10/19/2017,1.41
10/20/2017,1.43
10/23/2017,1.42
10/24/2017,1.43
10/25/2017,1.43
10/26/2017,1.43
10/27/2017,1.42
10/30/2017,1.42
10/31/2017,1.43
11/1/2017,1.46
11/2/2017,1.46
11/3/2017,1.49
11/6/2017,1.5
11/7/2017,1.49
11/8/2017,1.53
11/9/2017,1.53
11/10/2017,1.54
11/13/2017,1.55
11/14/2017,1.55
11/15/2017,1.55
11/16/2017,1.59
11/17/2017,1.6
11/20/2017,1.62
11/21/2017,1.62
11/22/2017,1.61
11/24/2017,1.61
11/27/2017,1.62
11/28/2017,1.61
11/29/2017,1.61
11/30/2017,1.62
12/1/2017,1.62
12/4/2017,1.66
12/5/2017,1.64
12/6/2017,1.68
12/7/2017,1.67
12/8/2017,1.65
12/11/2017,1.69
12/12/2017,1.7
12/13/2017,1.68
12/14/2017,1.7
12/15/2017,1.71
12/18/2017,1.7
12/19/2017,1.71
12/20/2017,1.72
12/21/2017,1.73
12/22/2017,1.73
12/26/2017,1.75
12/27/2017,1.75
12/28/2017,1.76
12/29/2017,1.76
1/2/2018,1.83
1/3/2018,1.81
1/4/2018,1.82
1/5/2018,1.8
1/8/2018,1.79
1/9/2018,1.78
1/10/2018,1.78
1/11/2018,1.77
1/12/2018,1.78
1/16/2018,1.79
1/17/2018,1.79
1/18/2018,1.79
1/19/2018,1.79
1/22/2018,1.79
1/23/2018,1.78
1/24/2018,1.79
1/25/2018,1.8
1/26/2018,1.8
1/29/2018,1.8
1/30/2018,1.88
1/31/2018,1.9
2/1/2018,1.89
2/2/2018,1.88
2/5/2018,1.85
2/6/2018,1.87
2/7/2018,1.91
2/8/2018,1.91
2/9/2018,1.89
2/12/2018,1.93
2/13/2018,1.95
2/14/2018,1.98
2/15/2018,1.99
2/16/2018,2
2/20/2018,2.01
2/21/2018,2.03
2/22/2018,2.02
2/23/2018,2.02
2/26/2018,2.03
2/27/2018,2.08
2/28/2018,2.07
3/1/2018,2.05
3/2/2018,2.06
3/5/2018,2.06
3/6/2018,2.06
3/7/2018,2.05
3/8/2018,2.05
3/9/2018,2.03
3/12/2018,2.05
3/13/2018,2.03
3/14/2018,2.05
3/15/2018,2.07
3/16/2018,2.08
3/19/2018,2.08
3/20/2018,2.08
3/21/2018,2.06
3/22/2018,2.05
3/23/2018,2.04
3/26/2018,2.06
3/27/2018,2.1
3/28/2018,2.12
3/29/2018,2.09
4/2/2018,2.08
4/3/2018,2.09
4/4/2018,2.07
4/5/2018,2.07
4/6/2018,2.06
4/9/2018,2.08
4/10/2018,2.09
4/11/2018,2.09
4/12/2018,2.11
4/13/2018,2.12
4/16/2018,2.12
4/17/2018,2.16
4/18/2018,2.17
4/19/2018,2.21
4/20/2018,2.22
4/23/2018,2.25
4/24/2018,2.25
4/25/2018,2.26
4/26/2018,2.25
4/27/2018,2.24
4/30/2018,2.24
5/1/2018,2.26
5/2/2018,2.24
5/3/2018,2.24
5/4/2018,2.24
5/7/2018,2.25
5/8/2018,2.26
5/9/2018,2.27
5/10/2018,2.27
5/11/2018,2.28
5/14/2018,2.28
5/15/2018,2.31
5/16/2018,2.32
5/17/2018,2.32
5/18/2018,2.32
5/21/2018,2.35
5/22/2018,2.34
5/23/2018,2.29
5/24/2018,2.28
5/25/2018,2.27
5/29/2018,2.17
5/30/2018,2.23
5/31/2018,2.23
6/1/2018,2.28
6/4/2018,2.3
6/5/2018,2.32
6/6/2018,2.32
6/7/2018,2.31
6/8/2018,2.3
6/11/2018,2.32
6/12/2018,2.31
6/13/2018,2.35
6/14/2018,2.35
6/15/2018,2.35
6/18/2018,2.35
6/19/2018,2.34
6/20/2018,2.36
6/21/2018,2.34
6/22/2018,2.33
6/25/2018,2.34
6/26/2018,2.33
6/27/2018,2.33
6/28/2018,2.33
6/29/2018,2.33
7/2/2018,2.34
7/3/2018,2.33
7/5/2018,2.32
7/6/2018,2.34
7/9/2018,2.34
7/10/2018,2.36
7/11/2018,2.36
7/12/2018,2.39
7/13/2018,2.37
7/16/2018,2.39
7/17/2018,2.39
7/18/2018,2.43
7/19/2018,2.4
7/20/2018,2.41
7/23/2018,2.42
7/24/2018,2.42
7/25/2018,2.42
7/26/2018,2.41
7/27/2018,2.43
7/30/2018,2.43
7/31/2018,2.44
8/1/2018,2.45
8/2/2018,2.45
8/3/2018,2.43
8/6/2018,2.44
8/7/2018,2.45
8/8/2018,2.44
8/9/2018,2.44
8/10/2018,2.42
8/13/2018,2.42
8/14/2018,2.44
8/15/2018,2.45
8/16/2018,2.45
8/17/2018,2.44
8/20/2018,2.43
8/21/2018,2.45
8/22/2018,2.43
8/23/2018,2.43
8/24/2018,2.44
8/27/2018,2.47
8/28/2018,2.47
8/29/2018,2.48
8/30/2018,2.47
8/31/2018,2.46
9/4/2018,2.49
9/5/2018,2.49
9/6/2018,2.5
9/7/2018,2.53
9/10/2018,2.54
9/11/2018,2.55
9/12/2018,2.56
9/13/2018,2.55
9/14/2018,2.56
9/17/2018,2.57
9/18/2018,2.58
9/19/2018,2.58
9/20/2018,2.58
9/21/2018,2.58
9/24/2018,2.6
9/25/2018,2.59
9/26/2018,2.58
9/27/2018,2.58
9/28/2018,2.59
10/1/2018,2.6
10/2/2018,2.61
10/3/2018,2.62
10/4/2018,2.63
10/5/2018,2.64
10/8/2018,2.64
10/9/2018,2.65
10/10/2018,2.67
10/11/2018,2.66
10/12/2018,2.66
10/15/2018,2.67
10/16/2018,2.66
10/17/2018,2.66
10/18/2018,2.67
10/19/2018,2.67
10/22/2018,2.68
10/23/2018,2.67
10/24/2018,2.64
10/25/2018,2.66
10/26/2018,2.63
10/29/2018,2.64
10/30/2018,2.66
10/31/2018,2.69
11/1/2018,2.67
11/2/2018,2.7
11/5/2018,2.71
11/6/2018,2.72
11/7/2018,2.74
11/8/2018,2.74
11/9/2018,2.73
11/12/2018,2.73
11/13/2018,2.72
11/14/2018,2.71
11/15/2018,2.7
11/16/2018,2.68
11/19/2018,2.66
11/20/2018,2.67
11/21/2018,2.67
11/23/2018,2.67
11/26/2018,2.7
11/27/2018,2.7
11/28/2018,2.69
11/29/2018,2.69
11/30/2018,2.7
12/3/2018,2.72
12/4/2018,2.71
12/6/2018,2.7
12/7/2018,2.68
12/10/2018,2.69
12/11/2018,2.7
12/12/2018,2.7
12/13/2018,2.69
12/14/2018,2.68
12/17/2018,2.66
12/18/2018,2.64
12/19/2018,2.62
12/20/2018,2.64
12/21/2018,2.62
12/24/2018,2.61
12/26/2018,2.61
12/27/2018,2.58
12/28/2018,2.57
12/31/2018,2.63
1/2/2019,2.6
1/3/2019,2.5
1/4/2019,2.57
1/7/2019,2.58
1/8/2019,2.6
1/9/2019,2.59
1/10/2019,2.59
1/11/2019,2.58
1/14/2019,2.57
1/15/2019,2.57
1/16/2019,2.57
1/17/2019,2.57
1/18/2019,2.6
1/22/2019,2.59
1/23/2019,2.59
1/24/2019,2.58
1/25/2019,2.6
1/28/2019,2.6
1/29/2019,2.6
1/30/2019,2.57
1/31/2019,2.55
2/1/2019,2.56
2/4/2019,2.57
2/5/2019,2.56
2/6/2019,2.56
2/7/2019,2.55
2/8/2019,2.54
2/11/2019,2.55
2/12/2019,2.55
2/13/2019,2.55
2/14/2019,2.53
2/15/2019,2.55
2/19/2019,2.54
2/20/2019,2.54
2/21/2019,2.55
2/22/2019,2.55
2/25/2019,2.56
2/26/2019,2.55
2/27/2019,2.54
2/28/2019,2.54
3/1/2019,2.55
3/4/2019,2.54
3/5/2019,2.54
3/6/2019,2.54
3/7/2019,2.52
3/8/2019,2.53
3/11/2019,2.53
3/12/2019,2.52
3/13/2019,2.53
3/14/2019,2.52
3/15/2019,2.52
3/18/2019,2.52
3/19/2019,2.5
3/20/2019,2.47
3/21/2019,2.48
3/22/2019,2.45
3/25/2019,2.41
3/26/2019,2.44
3/27/2019,2.4
3/28/2019,2.4
3/29/2019,2.4
4/1/2019,2.41
4/2/2019,2.41
4/3/2019,2.41
4/4/2019,2.41
4/5/2019,2.43
4/8/2019,2.43
4/9/2019,2.42
4/10/2019,2.41
4/11/2019,2.44
4/12/2019,2.44
4/15/2019,2.43
4/16/2019,2.45
4/17/2019,2.44
4/18/2019,2.44
4/22/2019,2.46
4/23/2019,2.43
4/24/2019,2.42
4/25/2019,2.42
4/26/2019,2.41
4/29/2019,2.42
4/30/2019,2.39
5/1/2019,2.39
5/2/2019,2.41
5/3/2019,2.41
5/6/2019,2.39
5/7/2019,2.37
5/8/2019,2.37
5/9/2019,2.36
5/10/2019,2.36
5/13/2019,2.32
5/14/2019,2.32
5/15/2019,2.3
5/16/2019,2.33
5/17/2019,2.33
5/20/2019,2.34
5/21/2019,2.36
5/22/2019,2.37
5/23/2019,2.32
5/24/2019,2.33
5/28/2019,2.31
5/29/2019,2.3
5/30/2019,2.29
5/31/2019,2.21
6/3/2019,2.11
6/4/2019,2.11
6/5/2019,2.04
6/6/2019,2.02
6/7/2019,1.97
6/10/2019,2.03
6/11/2019,2.05
6/12/2019,2.02
6/13/2019,2
6/14/2019,2
6/17/2019,2.03
6/18/2019,2.04
6/19/2019,1.96
6/20/2019,1.91
6/21/2019,1.95
6/24/2019,1.92
6/25/2019,1.93
6/26/2019,1.96
6/27/2019,1.93
6/28/2019,1.92
7/1/2019,1.94
7/2/2019,1.91
7/3/2019,1.91
7/5/2019,1.98
7/8/2019,1.99
7/9/2019,2
7/10/2019,1.93
7/11/2019,1.97
7/12/2019,1.96
7/15/2019,1.95
7/16/2019,2
7/17/2019,1.95
7/18/2019,1.9
7/19/2019,1.94
7/22/2019,1.95
7/23/2019,1.97
7/24/2019,1.98
7/25/2019,1.99
7/26/2019,2
7/29/2019,1.98
7/30/2019,1.97
7/31/2019,2
8/1/2019,1.88
8/2/2019,1.85
8/5/2019,1.78
8/6/2019,1.8
8/7/2019,1.75
8/8/2019,1.79
8/9/2019,1.78
8/12/2019,1.75
8/13/2019,1.86
8/14/2019,1.79
8/15/2019,1.72
8/16/2019,1.71
8/19/2019,1.75
8/20/2019,1.72
8/21/2019,1.77
8/22/2019,1.79
8/23/2019,1.73
8/26/2019,1.75
8/27/2019,1.77
8/28/2019,1.74
8/29/2019,1.75
8/30/2019,1.76
9/3/2019,1.72
9/4/2019,1.69
9/5/2019,1.73
9/6/2019,1.73
9/9/2019,1.74
9/10/2019,1.81
9/11/2019,1.79
9/12/2019,1.82
9/13/2019,1.88
9/16/2019,1.86
9/17/2019,1.87
9/18/2019,1.87
9/19/2019,1.88
9/20/2019,1.84
9/23/2019,1.81
9/24/2019,1.78
9/25/2019,1.82
9/26/2019,1.79
9/27/2019,1.74
9/30/2019,1.75
10/1/2019,1.73
10/2/2019,1.67
10/3/2019,1.58
10/4/2019,1.58
10/7/2019,1.64
10/8/2019,1.62
10/9/2019,1.59
10/10/2019,1.63
10/11/2019,1.67
10/14/2019,1.67
10/15/2019,1.65
10/16/2019,1.59
10/17/2019,1.59
10/18/2019,1.58
10/21/2019,1.59
10/22/2019,1.59
10/23/2019,1.58
10/24/2019,1.59
10/25/2019,1.6
10/28/2019,1.6
10/29/2019,1.59
10/30/2019,1.59
10/31/2019,1.53
11/1/2019,1.53
11/4/2019,1.56
11/5/2019,1.62
11/6/2019,1.58
11/7/2019,1.58
11/8/2019,1.58
11/11/2019,1.58
11/12/2019,1.58
11/13/2019,1.57
11/14/2019,1.55
11/15/2019,1.54
11/18/2019,1.54
11/19/2019,1.54
11/20/2019,1.54
11/21/2019,1.55
11/22/2019,1.56
